num_of_users,num_of_bits,num_of_groups,committing_time,proving_time,verifying_time,proof_size,timestamp
1024,16,1,159119,23151,6226,4,2024-05-15 17-14-33.860642600 -04-00
1024,16,1,162736,22861,6173,4,2024-05-15 17-14-35.223445100 -04-00
1024,16,1,163668,22440,6187,4,2024-05-15 17-14-36.272662900 -04-00
1024,16,1,162183,22737,6148,4,2024-05-15 17-14-39.099256300 -04-00
1024,16,1,162327,22427,6143,4,2024-05-15 17-14-40.287021700 -04-00
1024,16,1,162781,22372,6263,4,2024-05-15 17-14-41.423602600 -04-00
1024,16,1,160043,22428,6135,4,2024-05-15 17-14-42.613307900 -04-00
1024,16,1,164227,22733,6212,4,2024-05-15 17-14-44.015466 -04-00
1024,16,1,158635,22702,6230,4,2024-05-15 17-14-45.215054700 -04-00
1024,16,1,159753,22486,6235,4,2024-05-15 17-14-46.569080700 -04-00
1024,32,1,296034,31931,7771,8,2024-05-15 16-30-56.297209100 -04-00
1024,32,1,295679,31826,7766,8,2024-05-15 16-30-57.558322200 -04-00
1024,32,1,294967,32416,7751,8,2024-05-15 16-30-58.693195900 -04-00
1024,32,1,301689,32936,7820,8,2024-05-15 16-30-59.774956900 -04-00
1024,32,1,301392,31699,7792,8,2024-05-15 16-31-00.884770600 -04-00
1024,32,1,295458,31329,7844,8,2024-05-15 16-31-01.962573 -04-00
1024,32,1,300810,31767,7841,8,2024-05-15 16-31-03.023171800 -04-00
1024,32,1,293455,31874,7808,8,2024-05-15 16-31-04.045910400 -04-00
1024,32,1,303048,32116,7817,8,2024-05-15 16-31-05.071873800 -04-00
1024,32,1,304104,32236,7802,8,2024-05-15 16-31-06.080266900 -04-00
1024,64,1,554513,50576,11008,14,2024-05-15 12-06-14.837199700 -04-00
1024,64,1,572670,50828,10914,14,2024-05-15 12-50-10.320253500 -04-00
1024,64,1,572592,50194,10931,14,2024-05-15 12-50-14.614311 -04-00
1024,64,1,580243,57255,10999,14,2024-05-15 12-50-16.570785700 -04-00
1024,64,1,576210,51060,10950,14,2024-05-15 12-50-18.332855900 -04-00
1024,64,1,586843,50783,10917,14,2024-05-15 12-50-20.120137100 -04-00
1024,64,1,627137,53975,11074,14,2024-05-15 12-50-21.783759900 -04-00
1024,64,1,596110,52114,10985,14,2024-05-15 12-50-23.407851300 -04-00
1024,64,1,606233,52201,10986,14,2024-05-15 12-50-25.242917800 -04-00
1024,64,1,592074,53383,10950,14,2024-05-15 12-50-26.789141400 -04-00
1024,8,1,89788,17367,5357,3,2024-05-15 19-20-28.083625600 -04-00
1024,8,1,93585,17489,5511,3,2024-05-15 19-20-29.170524 -04-00
1024,8,1,94364,17408,5359,3,2024-05-15 19-20-30.225158700 -04-00
1024,8,1,90917,17281,5329,3,2024-05-15 19-20-31.167025600 -04-00
1024,8,1,93290,16916,5275,3,2024-05-15 19-20-32.140150400 -04-00
1024,8,1,91615,17387,5294,3,2024-05-15 19-20-33.063846500 -04-00
1024,8,1,92878,17284,5361,3,2024-05-15 19-20-33.990836400 -04-00
1024,8,1,91102,17509,5510,3,2024-05-15 19-20-34.932615800 -04-00
1024,8,1,92315,17400,5432,3,2024-05-15 19-20-35.955430300 -04-00
1024,8,1,94796,17590,5343,3,2024-05-15 19-20-36.955815100 -04-00
1048576,16,1,62228250,9118275,6295,4,2024-05-15 16-35-41.321623200 -04-00
1048576,16,1,62052192,9078237,6448,4,2024-05-15 16-37-18.879545700 -04-00
1048576,16,1,62364731,9028738,6249,4,2024-05-15 16-38-41.116373200 -04-00
1048576,16,1,62210722,9062956,6366,4,2024-05-15 16-40-02.734291500 -04-00
1048576,16,1,62269002,9107888,6256,4,2024-05-15 16-41-25.505794400 -04-00
1048576,16,1,62265943,9074208,6513,4,2024-05-15 16-42-57.640654 -04-00
1048576,16,1,62250357,9082318,6543,4,2024-05-15 16-44-30.214607300 -04-00
1048576,16,1,62226305,9121509,6391,4,2024-05-15 16-46-01.729438 -04-00
1048576,16,1,62407235,9084040,6224,4,2024-05-15 16-47-27.567845600 -04-00
1048576,16,1,61910822,9067332,6175,4,2024-05-15 16-48-50.465221200 -04-00
1048576,32,1,115851705,12485605,7930,8,2024-05-15 14-32-39.162956100 -04-00
1048576,32,1,115758168,12571172,7947,8,2024-05-15 14-35-00.384166 -04-00
1048576,32,1,115996396,12536652,7878,8,2024-05-15 14-37-20.812329800 -04-00
1048576,32,1,115688989,12649226,8081,8,2024-05-15 14-40-28.007178400 -04-00
1048576,32,1,115631418,12556676,7855,8,2024-05-15 14-42-48.146284700 -04-00
1048576,32,1,116022426,12510615,8618,8,2024-05-15 14-45-09.077058300 -04-00
1048576,32,1,116049907,12628638,7859,8,2024-05-15 14-47-29.093801800 -04-00
1048576,32,1,115976735,12556484,8229,8,2024-05-15 14-49-49.492566700 -04-00
1048576,32,1,116067204,12507058,7900,8,2024-05-15 14-52-11.607481500 -04-00
1048576,32,1,116053930,12579312,7981,8,2024-05-15 14-54-33.481377400 -04-00
1048576,64,1,222695555,19447275,11604,14,2024-05-15 12-01-24.994320900 -04-00
1048576,64,1,225313284,19812153,11091,14,2024-05-15 13-48-16.324808300 -04-00
1048576,64,1,224361140,20073172,12832,14,2024-05-15 13-52-44.481856 -04-00
1048576,64,1,224068988,19528686,11223,14,2024-05-15 13-57-00.017435600 -04-00
1048576,64,1,223728083,19606615,11285,14,2024-05-15 14-01-21.086830200 -04-00
1048576,64,1,224009731,19534432,11170,14,2024-05-15 14-05-45.912339500 -04-00
1048576,64,1,223802264,19555414,11341,14,2024-05-15 14-10-04.010082300 -04-00
1048576,64,1,224196749,19615840,11197,14,2024-05-15 14-14-20.459242100 -04-00
1048576,64,1,223628872,19660470,11380,14,2024-05-15 14-18-34.558883500 -04-00
1048576,64,1,223509113,19655173,11279,14,2024-05-15 14-22-55.811126500 -04-00
1048576,8,1,35097257,7290809,5400,3,2024-05-15 17-16-13.189495200 -04-00
1048576,8,1,34823354,7293780,5527,3,2024-05-15 18-13-15.693117900 -04-00
1048576,8,1,34857547,7233658,5624,3,2024-05-15 18-14-11.522033800 -04-00
1048576,8,1,34756943,7267492,5437,3,2024-05-15 18-15-06.776075700 -04-00
1048576,8,1,34783483,7283796,5659,3,2024-05-15 18-16-13.911171 -04-00
1048576,8,1,34883436,7252733,5507,3,2024-05-15 18-17-13.475880300 -04-00
1048576,8,1,34887502,7218761,5675,3,2024-05-15 18-18-09.260740100 -04-00
1048576,8,1,34810826,7242149,5653,3,2024-05-15 18-19-15.931874 -04-00
1048576,8,1,34858604,7327188,5443,3,2024-05-15 18-20-39.718674300 -04-00
1048576,8,1,34895820,7234689,5621,3,2024-05-15 18-21-36.076998800 -04-00
1048576,8,1,34724886,7267522,5441,3,2024-05-15 18-22-34.952943900 -04-00
131072,16,1,7690946,1235118,6550,4,2024-05-15 17-07-00.590073600 -04-00
131072,16,1,7586777,1230909,6157,4,2024-05-15 17-07-13.051569700 -04-00
131072,16,1,7531561,1230434,6142,4,2024-05-15 17-07-25.740951800 -04-00
131072,16,1,7568460,1247039,6123,4,2024-05-15 17-07-41.429067300 -04-00
131072,16,1,7583817,1228493,6371,4,2024-05-15 17-07-55.489939900 -04-00
131072,16,1,7555004,1248279,6384,4,2024-05-15 17-08-09.107051 -04-00
131072,16,1,7513527,1214446,6203,4,2024-05-15 17-08-21.017862400 -04-00
131072,16,1,7545760,1234681,6171,4,2024-05-15 17-08-32.782190200 -04-00
131072,16,1,7503480,1199933,6217,4,2024-05-15 17-08-44.486094100 -04-00
131072,16,1,7549497,1229714,6224,4,2024-05-15 17-09-02.162223800 -04-00
131072,32,1,14249676,1694451,8093,8,2024-05-15 15-14-15.710870700 -04-00
131072,32,1,14270456,1661513,8069,8,2024-05-15 15-14-35.550131 -04-00
131072,32,1,14061258,1667420,7830,8,2024-05-15 15-15-28.898927300 -04-00
131072,32,1,14094023,1690806,7950,8,2024-05-15 15-15-48.752367600 -04-00
131072,32,1,14187500,1681658,7999,8,2024-05-15 15-17-22.911574100 -04-00
131072,32,1,14133239,1668513,7928,8,2024-05-15 15-17-41.721771700 -04-00
131072,32,1,14133149,1683158,7868,8,2024-05-15 15-18-01.440485900 -04-00
131072,32,1,14079436,1701191,7797,8,2024-05-15 15-18-29.650613 -04-00
131072,32,1,14111079,1649528,7816,8,2024-05-15 15-18-57.706288600 -04-00
131072,32,1,14140713,1667959,7794,8,2024-05-15 15-19-37.960281900 -04-00
131072,64,1,26793996,2544580,11029,14,2024-05-15 11-54-09.981270500 -04-00
131072,64,1,27726685,2620303,11124,14,2024-05-15 13-01-58.861615200 -04-00
131072,64,1,27485653,2636303,11110,14,2024-05-15 13-02-39.936645100 -04-00
131072,64,1,27590896,2605804,11219,14,2024-05-15 13-03-47.207508300 -04-00
131072,64,1,27722012,2641348,11214,14,2024-05-15 13-04-59.772645800 -04-00
131072,64,1,27649271,2631008,11061,14,2024-05-15 13-05-41.373114200 -04-00
131072,64,1,27609399,2635959,11028,14,2024-05-15 13-06-28.470752800 -04-00
131072,64,1,27621543,2628219,11069,14,2024-05-15 13-07-14.242086300 -04-00
131072,64,1,27776993,2645560,11061,14,2024-05-15 13-07-48.894260400 -04-00
131072,64,1,27726100,2629072,11315,14,2024-05-15 13-08-28.295968400 -04-00
131072,8,1,4341951,1001183,5399,3,2024-05-15 19-12-47.400819500 -04-00
131072,8,1,4357872,998010,5403,3,2024-05-15 19-13-14.900450300 -04-00
131072,8,1,4329442,994990,5315,3,2024-05-15 19-13-41.044402700 -04-00
131072,8,1,4336405,1003264,5462,3,2024-05-15 19-14-07.906843700 -04-00
131072,8,1,4363250,1010171,5409,3,2024-05-15 19-14-23.129271300 -04-00
131072,8,1,4337410,1018807,5351,3,2024-05-15 19-14-32.162546700 -04-00
131072,8,1,4304685,986550,5377,3,2024-05-15 19-14-46.063045900 -04-00
131072,8,1,4341256,1008390,5349,3,2024-05-15 19-15-00.373581400 -04-00
131072,8,1,4356095,990740,5369,3,2024-05-15 19-15-15.832969 -04-00
131072,8,1,4319990,995105,5597,3,2024-05-15 19-15-32.535433 -04-00
16384,16,1,1232937,184822,6194,4,2024-05-15 17-12-05.447583600 -04-00
16384,16,1,1249311,184516,6299,4,2024-05-15 17-12-08.180931600 -04-00
16384,16,1,1208358,183789,6311,4,2024-05-15 17-12-11.428192700 -04-00
16384,16,1,1230043,185938,6253,4,2024-05-15 17-12-14.008286700 -04-00
16384,16,1,1212164,183740,6233,4,2024-05-15 17-12-16.512369 -04-00
16384,16,1,1226343,183882,6494,4,2024-05-15 17-12-19.475424900 -04-00
16384,16,1,1217073,182874,6175,4,2024-05-15 17-12-21.992085600 -04-00
16384,16,1,1236398,191627,6204,4,2024-05-15 17-12-24.396138900 -04-00
16384,16,1,1219275,181846,6195,4,2024-05-15 17-12-26.742033100 -04-00
16384,16,1,1228456,194913,6158,4,2024-05-15 17-12-29.098409200 -04-00
16384,32,1,2266412,237146,7962,8,2024-05-15 15-23-29.654407500 -04-00
16384,32,1,2272750,236569,8019,8,2024-05-15 15-23-34.723471300 -04-00
16384,32,1,2287509,242263,8011,8,2024-05-15 15-23-38.844750200 -04-00
16384,32,1,2295659,235921,7918,8,2024-05-15 15-23-42.623799900 -04-00
16384,32,1,2293585,237280,7962,8,2024-05-15 15-23-46.461541900 -04-00
16384,32,1,2306307,238794,7977,8,2024-05-15 15-23-50.089401300 -04-00
16384,32,1,2290830,236263,7770,8,2024-05-15 15-23-54.271092700 -04-00
16384,32,1,2279953,240075,7988,8,2024-05-15 15-23-58.361796200 -04-00
16384,32,1,2277718,237808,8028,8,2024-05-15 15-24-02.492609800 -04-00
16384,32,1,2279918,236718,7978,8,2024-05-15 15-24-06.558397700 -04-00
16384,64,1,4373019,346447,11236,14,2024-05-15 12-05-40.665684600 -04-00
16384,64,1,4401095,346081,11069,14,2024-05-15 12-53-17.419913100 -04-00
16384,64,1,4429961,344373,11383,14,2024-05-15 12-53-25.364965 -04-00
16384,64,1,4406758,347646,11165,14,2024-05-15 12-53-38.855102500 -04-00
16384,64,1,4413386,350634,11120,14,2024-05-15 12-53-45.979879400 -04-00
16384,64,1,4410865,343758,11247,14,2024-05-15 12-53-53.325924100 -04-00
16384,64,1,4421154,349211,11118,14,2024-05-15 12-54-00.191072500 -04-00
16384,64,1,4396556,349515,11097,14,2024-05-15 12-54-06.899046500 -04-00
16384,64,1,4409550,348059,11185,14,2024-05-15 12-54-13.567303800 -04-00
16384,64,1,4414431,349697,11129,14,2024-05-15 12-54-23.980445900 -04-00
16384,8,1,688309,159114,5378,3,2024-05-15 19-18-47.038056300 -04-00
16384,8,1,688431,162394,5593,3,2024-05-15 19-18-51.131762700 -04-00
16384,8,1,687579,160137,5502,3,2024-05-15 19-18-53.325409200 -04-00
16384,8,1,685495,160230,5491,3,2024-05-15 19-18-55.265624300 -04-00
16384,8,1,680708,160691,5390,3,2024-05-15 19-18-57.491056800 -04-00
16384,8,1,686594,157716,5507,3,2024-05-15 19-18-59.473813700 -04-00
16384,8,1,692717,158328,5355,3,2024-05-15 19-19-01.302114100 -04-00
16384,8,1,689860,161182,5628,3,2024-05-15 19-19-03.058644700 -04-00
16384,8,1,683419,159559,5520,3,2024-05-15 19-19-04.873166100 -04-00
16384,8,1,687995,159495,5387,3,2024-05-15 19-19-06.788345700 -04-00
2048,16,1,258242,35165,6179,4,2024-05-15 17-14-07.802805300 -04-00
2048,16,1,257227,34781,6224,4,2024-05-15 17-14-09.031116200 -04-00
2048,16,1,254943,35663,6183,4,2024-05-15 17-14-10.188106700 -04-00
2048,16,1,254871,35414,6135,4,2024-05-15 17-14-11.224844200 -04-00
2048,16,1,262019,39100,6236,4,2024-05-15 17-14-12.273021900 -04-00
2048,16,1,260954,35717,6246,4,2024-05-15 17-14-13.276254600 -04-00
2048,16,1,259602,35037,6207,4,2024-05-15 17-14-14.245325500 -04-00
2048,16,1,255391,36350,6164,4,2024-05-15 17-14-21.145122300 -04-00
2048,16,1,258399,36607,6430,4,2024-05-15 17-14-22.259714800 -04-00
2048,16,1,255667,35842,6205,4,2024-05-15 17-14-23.361214700 -04-00
2048,32,1,476070,49078,7810,8,2024-05-15 16-30-19.698850400 -04-00
2048,32,1,481047,49455,7818,8,2024-05-15 16-30-21.463992900 -04-00
2048,32,1,479965,49689,7759,8,2024-05-15 16-30-25.933553100 -04-00
2048,32,1,480621,49712,7798,8,2024-05-15 16-30-27.984231300 -04-00
2048,32,1,484933,48169,7820,8,2024-05-15 16-30-29.641578900 -04-00
2048,32,1,484023,48218,7845,8,2024-05-15 16-30-31.314066800 -04-00
2048,32,1,486627,48926,7805,8,2024-05-15 16-30-32.825843100 -04-00
2048,32,1,496384,48893,7785,8,2024-05-15 16-30-34.116475 -04-00
2048,32,1,484742,47646,7802,8,2024-05-15 16-30-35.298900600 -04-00
2048,32,1,476323,47884,7840,8,2024-05-15 16-30-36.588627700 -04-00
2048,64,1,912345,75751,11077,14,2024-05-15 12-06-09.275788100 -04-00
2048,64,1,916039,73126,10996,14,2024-05-15 12-50-44.742231700 -04-00
2048,64,1,930369,73765,10963,14,2024-05-15 12-50-47.212293700 -04-00
2048,64,1,922720,72440,10973,14,2024-05-15 12-50-49.676793100 -04-00
2048,64,1,918981,73239,10975,14,2024-05-15 12-50-54.639923 -04-00
2048,64,1,936677,72828,10957,14,2024-05-15 12-50-56.993352400 -04-00
2048,64,1,980417,73094,11127,14,2024-05-15 12-50-59.776852200 -04-00
2048,64,1,926253,72938,11085,14,2024-05-15 12-51-03.393951700 -04-00
2048,64,1,952008,76959,11032,14,2024-05-15 12-51-05.758840100 -04-00
2048,64,1,932926,73190,11027,14,2024-05-15 12-51-08.259208100 -04-00
2048,8,1,143987,28441,5299,3,2024-05-15 19-20-07.112256900 -04-00
2048,8,1,145311,31674,5295,3,2024-05-15 19-20-08.669855500 -04-00
2048,8,1,146161,28459,5280,3,2024-05-15 19-20-09.675287800 -04-00
2048,8,1,145585,28206,5344,3,2024-05-15 19-20-10.755715600 -04-00
2048,8,1,146392,28314,5319,3,2024-05-15 19-20-11.886417700 -04-00
2048,8,1,145983,28449,5333,3,2024-05-15 19-20-13.003642900 -04-00
2048,8,1,145719,29127,5302,3,2024-05-15 19-20-14.107699900 -04-00
2048,8,1,145275,28994,5337,3,2024-05-15 19-20-15.164578500 -04-00
2048,8,1,145286,28659,5319,3,2024-05-15 19-20-16.307849400 -04-00
2048,8,1,145973,28431,5314,3,2024-05-15 19-20-17.308058 -04-00
262144,16,1,15028404,2350176,6179,4,2024-05-15 17-00-57.530800800 -04-00
262144,16,1,14946285,2383118,6191,4,2024-05-15 17-02-57.137790100 -04-00
262144,16,1,14893291,2355774,6515,4,2024-05-15 17-03-48.024628600 -04-00
262144,16,1,14992548,2402965,6374,4,2024-05-15 17-04-12.207301500 -04-00
262144,16,1,14919993,2409528,6192,4,2024-05-15 17-04-33.735543800 -04-00
262144,16,1,14972622,2368409,6358,4,2024-05-15 17-04-56.669534800 -04-00
262144,16,1,14955456,2392358,6228,4,2024-05-15 17-05-20.141694200 -04-00
262144,16,1,15014736,2379439,6292,4,2024-05-15 17-05-43.442175600 -04-00
262144,16,1,14948626,2371523,6151,4,2024-05-15 17-06-10.272061300 -04-00
262144,16,1,14886998,2381535,6255,4,2024-05-15 17-06-41.026930500 -04-00
262144,32,1,27926420,3259232,7844,8,2024-05-15 15-07-51.532488500 -04-00
262144,32,1,27915165,3308831,7792,8,2024-05-15 15-08-28.064777900 -04-00
262144,32,1,27811397,3274812,7972,8,2024-05-15 15-09-05.142868200 -04-00
262144,32,1,27967867,3258792,7834,8,2024-05-15 15-09-44.209616300 -04-00
262144,32,1,27847021,3238147,7863,8,2024-05-15 15-10-20.867856600 -04-00
262144,32,1,27946172,3263590,7811,8,2024-05-15 15-10-58.308141300 -04-00
262144,32,1,27989509,3270068,7861,8,2024-05-15 15-11-41.771633200 -04-00
262144,32,1,27906851,3273508,7880,8,2024-05-15 15-12-20.617980900 -04-00
262144,32,1,27950025,3260638,8050,8,2024-05-15 15-13-01.363292200 -04-00
262144,32,1,27930741,3254780,8101,8,2024-05-15 15-13-44.320296900 -04-00
262144,64,1,54835386,5093410,11102,14,2024-05-15 11-42-09.024819100 -04-00
262144,64,1,54502925,5169196,11105,14,2024-05-15 13-10-18.711182900 -04-00
262144,64,1,54699770,5169424,11129,14,2024-05-15 13-11-28.537326100 -04-00
262144,64,1,54489218,5175798,11195,14,2024-05-15 13-12-36.686730700 -04-00
262144,64,1,54755576,5163222,11277,14,2024-05-15 13-13-54.414451500 -04-00
262144,64,1,54541727,5169082,11178,14,2024-05-15 13-15-15.150269 -04-00
262144,64,1,54782087,5170982,11212,14,2024-05-15 13-16-53.471743300 -04-00
262144,64,1,54569924,5125436,11083,14,2024-05-15 13-18-13.097991 -04-00
262144,64,1,54690969,5173211,11197,14,2024-05-15 13-19-37.112652700 -04-00
262144,64,1,54536916,5166471,11147,14,2024-05-15 13-20-53.896656500 -04-00
262144,8,1,8427276,1893734,5597,3,2024-05-15 18-31-39.288370100 -04-00
262144,8,1,8448564,1883178,5517,3,2024-05-15 18-32-23.103964300 -04-00
262144,8,1,8427446,1898336,5703,3,2024-05-15 18-32-39.140191500 -04-00
262144,8,1,8333184,1936069,5405,3,2024-05-15 18-33-03.958696600 -04-00
262144,8,1,8738116,2010491,5314,3,2024-05-15 19-10-41.611600300 -04-00
262144,8,1,8646353,1976078,5287,3,2024-05-15 19-11-02.608541200 -04-00
262144,8,1,8781565,1997419,5393,3,2024-05-15 19-11-21.421125500 -04-00
262144,8,1,8681392,2002450,5274,3,2024-05-15 19-11-37.104467900 -04-00
262144,8,1,8790818,2011757,5259,3,2024-05-15 19-11-58.399136500 -04-00
262144,8,1,8482559,1924023,5393,3,2024-05-15 19-12-21.746530800 -04-00
32768,16,1,2172742,358203,6228,4,2024-05-15 17-11-07.696537300 -04-00
32768,16,1,2229452,344517,6172,4,2024-05-15 17-11-12.717669800 -04-00
32768,16,1,2202953,358566,6176,4,2024-05-15 17-11-17.079585 -04-00
32768,16,1,2192464,354052,6147,4,2024-05-15 17-11-21.009201100 -04-00
32768,16,1,2172177,349061,6170,4,2024-05-15 17-11-25.531327800 -04-00
32768,16,1,2190880,362149,6168,4,2024-05-15 17-11-29.502942 -04-00
32768,16,1,2185866,355300,6114,4,2024-05-15 17-11-33.227821 -04-00
32768,16,1,2199185,359648,6164,4,2024-05-15 17-11-37.181561600 -04-00
32768,16,1,2167131,355222,6195,4,2024-05-15 17-11-41.205046800 -04-00
32768,16,1,2186936,352314,6278,4,2024-05-15 17-11-48.890767600 -04-00
32768,32,1,4096509,473912,8057,8,2024-05-15 15-22-12.416782500 -04-00
32768,32,1,4046738,480387,7850,8,2024-05-15 15-22-18.520317 -04-00
32768,32,1,4059839,482842,7926,8,2024-05-15 15-22-24.467727600 -04-00
32768,32,1,4105536,486586,7923,8,2024-05-15 15-22-31.041952800 -04-00
32768,32,1,4047808,496110,7766,8,2024-05-15 15-22-37.434399600 -04-00
32768,32,1,4093943,481858,8093,8,2024-05-15 15-22-43.640851100 -04-00
32768,32,1,4066058,477446,7774,8,2024-05-15 15-22-49.969006900 -04-00
32768,32,1,4090412,485470,7751,8,2024-05-15 15-22-56.001385500 -04-00
32768,32,1,4024613,474993,7877,8,2024-05-15 15-23-02.113005100 -04-00
32768,32,1,4048339,475696,8050,8,2024-05-15 15-23-08.144104300 -04-00
32768,64,1,8033995,736067,11042,14,2024-05-15 12-04-29.313314 -04-00
32768,64,1,8029033,743021,11079,14,2024-05-15 12-54-43.302338900 -04-00
32768,64,1,8049344,734429,11332,14,2024-05-15 12-54-55.070954 -04-00
32768,64,1,8068465,748650,11078,14,2024-05-15 12-55-07.895747100 -04-00
32768,64,1,8030160,736305,11058,14,2024-05-15 12-55-19.858253400 -04-00
32768,64,1,8011856,739587,11076,14,2024-05-15 12-55-30.797018100 -04-00
32768,64,1,8071357,741483,11065,14,2024-05-15 12-55-41.912693 -04-00
32768,64,1,8058764,734628,11330,14,2024-05-15 12-55-57.559924200 -04-00
32768,64,1,8020741,751624,11233,14,2024-05-15 12-56-10.881085100 -04-00
32768,64,1,8018983,745001,11056,14,2024-05-15 12-56-26.829446300 -04-00
32768,8,1,1242208,295560,5365,3,2024-05-15 19-17-34.248716300 -04-00
32768,8,1,1248818,292157,5373,3,2024-05-15 19-17-57.779880 -04-00
32768,8,1,1239734,305301,5489,3,2024-05-15 19-18-05.287183800 -04-00
32768,8,1,1228005,287773,5353,3,2024-05-15 19-18-09.295960300 -04-00
32768,8,1,1243113,298860,5503,3,2024-05-15 19-18-16.546955700 -04-00
32768,8,1,1261824,293241,5326,3,2024-05-15 19-18-20.035733800 -04-00
32768,8,1,1232590,291283,5362,3,2024-05-15 19-18-22.649183900 -04-00
32768,8,1,1255351,293091,5276,3,2024-05-15 19-18-25.285913800 -04-00
32768,8,1,1257799,300673,5341,3,2024-05-15 19-18-28.142218 -04-00
32768,8,1,1267699,297584,5395,3,2024-05-15 19-18-38.587617400 -04-00
4096,16,1,391956,54885,6141,4,2024-05-15 17-13-43.405436200 -04-00
4096,16,1,392730,180992,6150,4,2024-05-15 17-13-45.078281100 -04-00
4096,16,1,396422,54387,6253,4,2024-05-15 17-13-46.337193400 -04-00
4096,16,1,402550,55439,6148,4,2024-05-15 17-13-47.748216 -04-00
4096,16,1,396005,54381,6187,4,2024-05-15 17-13-49.128094700 -04-00
4096,16,1,392423,53824,6127,4,2024-05-15 17-13-50.377327800 -04-00
4096,16,1,395433,54593,6151,4,2024-05-15 17-13-52.053746200 -04-00
4096,16,1,394922,54515,6130,4,2024-05-15 17-13-53.681824700 -04-00
4096,16,1,394728,53741,6160,4,2024-05-15 17-13-54.918099600 -04-00
4096,16,1,389228,53816,6218,4,2024-05-15 17-13-56.164806300 -04-00
4096,32,1,740599,302633,7782,8,2024-05-15 16-29-46.600942400 -04-00
4096,32,1,731141,73269,7802,8,2024-05-15 16-29-52.736199100 -04-00
4096,32,1,744329,74510,7794,8,2024-05-15 16-29-54.557412300 -04-00
4096,32,1,739306,73175,7840,8,2024-05-15 16-29-56.439419700 -04-00
4096,32,1,742563,75176,7865,8,2024-05-15 16-29-58.108973200 -04-00
4096,32,1,737256,74208,7747,8,2024-05-15 16-29-59.845496500 -04-00
4096,32,1,725972,73514,7824,8,2024-05-15 16-30-01.653609 -04-00
4096,32,1,737739,307686,7770,8,2024-05-15 16-30-03.782856600 -04-00
4096,32,1,751720,73869,7782,8,2024-05-15 16-30-05.526834400 -04-00
4096,32,1,735747,77085,7792,8,2024-05-15 16-30-07.347705900 -04-00
4096,64,1,1399433,108588,11025,14,2024-05-15 12-06-03.270947100 -04-00
4096,64,1,1427636,111588,11050,14,2024-05-15 12-51-20.824360600 -04-00
4096,64,1,1421751,112271,11122,14,2024-05-15 12-51-24.735287400 -04-00
4096,64,1,1409375,113415,11047,14,2024-05-15 12-51-27.710520400 -04-00
4096,64,1,1405719,113091,11028,14,2024-05-15 12-51-31.100671900 -04-00
4096,64,1,1392076,111723,11127,14,2024-05-15 12-51-34.268486900 -04-00
4096,64,1,1418858,110647,11077,14,2024-05-15 12-51-37.625419700 -04-00
4096,64,1,1429244,110527,11004,14,2024-05-15 12-51-40.464422300 -04-00
4096,64,1,1414236,111542,11144,14,2024-05-15 12-51-43.395444800 -04-00
4096,64,1,1426315,110868,11039,14,2024-05-15 12-51-46.135317400 -04-00
4096,8,1,230229,45231,5503,3,2024-05-15 19-19-43.841724100 -04-00
4096,8,1,225630,45372,5413,3,2024-05-15 19-19-45.383279 -04-00
4096,8,1,221968,45277,5411,3,2024-05-15 19-19-46.763266500 -04-00
4096,8,1,224265,45068,5462,3,2024-05-15 19-19-48.222944100 -04-00
4096,8,1,228417,46263,5392,3,2024-05-15 19-19-49.447949900 -04-00
4096,8,1,222374,44363,5726,3,2024-05-15 19-19-50.763515 -04-00
4096,8,1,223144,45248,5357,3,2024-05-15 19-19-52.220546300 -04-00
4096,8,1,229233,46604,5329,3,2024-05-15 19-19-53.653008800 -04-00
4096,8,1,235106,45905,5353,3,2024-05-15 19-19-55.023058900 -04-00
4096,8,1,230962,45813,5360,3,2024-05-15 19-19-56.436683200 -04-00
524288,16,1,30009144,4596842,6253,4,2024-05-15 16-49-47.018427900 -04-00
524288,16,1,29771913,4564045,6199,4,2024-05-15 16-51-23.477921900 -04-00
524288,16,1,30010071,4588097,6696,4,2024-05-15 16-52-05.777458900 -04-00
524288,16,1,30017597,4596548,6285,4,2024-05-15 16-53-02.792450800 -04-00
524288,16,1,29908509,4536819,6298,4,2024-05-15 16-53-45.623694900 -04-00
524288,16,1,29906713,4549416,6273,4,2024-05-15 16-54-53.516233500 -04-00
524288,16,1,29986516,4554393,6423,4,2024-05-15 16-56-49.588934900 -04-00
524288,16,1,29979126,4597975,6559,4,2024-05-15 16-57-47.563023600 -04-00
524288,16,1,30115502,4619824,6152,4,2024-05-15 16-58-31.950161600 -04-00
524288,16,1,30081715,4545147,6673,4,2024-05-15 16-59-19.528669600 -04-00
524288,32,1,55894547,6360326,8126,8,2024-05-15 14-55-57.337796900 -04-00
524288,32,1,55783555,6287971,8009,8,2024-05-15 14-57-10.928563900 -04-00
524288,32,1,55830381,6377273,7982,8,2024-05-15 14-58-22.823532200 -04-00
524288,32,1,55938902,6327655,7995,8,2024-05-15 14-59-37.690596600 -04-00
524288,32,1,55884468,6270822,8060,8,2024-05-15 15-00-47.456183200 -04-00
524288,32,1,55818292,6328629,8243,8,2024-05-15 15-02-00.233179100 -04-00
524288,32,1,55820945,6303155,8001,8,2024-05-15 15-03-14.289442400 -04-00
524288,32,1,55818259,6324773,8138,8,2024-05-15 15-04-23.545502200 -04-00
524288,32,1,55939613,6296902,8065,8,2024-05-15 15-05-39.320342100 -04-00
524288,32,1,55776596,6379354,8103,8,2024-05-15 15-06-53.046595400 -04-00
524288,64,1,108822015,9986293,11032,14,2024-05-15 13-23-16.846698 -04-00
524288,64,1,108852729,9912325,11195,14,2024-05-15 13-25-35.139177500 -04-00
524288,64,1,108652999,9939344,11041,14,2024-05-15 13-27-39.540558300 -04-00
524288,64,1,108869714,10056337,11097,14,2024-05-15 13-30-07.985839100 -04-00
524288,64,1,108656626,10078954,11223,14,2024-05-15 13-32-19.880581600 -04-00
524288,64,1,108452185,10110946,11121,14,2024-05-15 13-34-29.958982800 -04-00
524288,64,1,108302591,10080449,11310,14,2024-05-15 13-36-41.760781900 -04-00
524288,64,1,108323486,10384335,11074,14,2024-05-15 13-38-55.028329600 -04-00
524288,64,1,108428329,10012447,11153,14,2024-05-15 13-41-17.076685200 -04-00
524288,64,1,108058978,10024228,11077,14,2024-05-15 13-43-26.397918700 -04-00
524288,8,1,16815326,3677785,5452,3,2024-05-15 18-23-50.054907100 -04-00
524288,8,1,16730214,3628868,5619,3,2024-05-15 18-24-20.828743800 -04-00
524288,8,1,16731600,3647913,5570,3,2024-05-15 18-25-21.679577800 -04-00
524288,8,1,16770943,3684325,5717,3,2024-05-15 18-26-08.621036900 -04-00
524288,8,1,16796675,3630490,5389,3,2024-05-15 18-26-48.943631500 -04-00
524288,8,1,16844589,3674924,5573,3,2024-05-15 18-27-52.641255200 -04-00
524288,8,1,16858691,3674781,5495,3,2024-05-15 18-28-29.312824200 -04-00
524288,8,1,16702726,3643883,5381,3,2024-05-15 18-29-00.844479300 -04-00
524288,8,1,16752355,3620193,5392,3,2024-05-15 18-29-50.311825700 -04-00
524288,8,1,16795743,3694592,5645,3,2024-05-15 18-30-58.541163800 -04-00
65536,16,1,3926336,659067,6210,4,2024-05-15 17-09-28.099230300 -04-00
65536,16,1,3907768,637783,6129,4,2024-05-15 17-09-37.792396700 -04-00
65536,16,1,3936271,636700,6195,4,2024-05-15 17-09-56.147133300 -04-00
65536,16,1,3948484,637642,6260,4,2024-05-15 17-10-05.305037100 -04-00
65536,16,1,3913020,647559,6157,4,2024-05-15 17-10-12.025963400 -04-00
65536,16,1,3932283,618706,6137,4,2024-05-15 17-10-20.036779500 -04-00
65536,16,1,3954283,635541,6156,4,2024-05-15 17-10-28.705713400 -04-00
65536,16,1,3915406,639004,6204,4,2024-05-15 17-10-41.122643100 -04-00
65536,16,1,3953105,630398,6176,4,2024-05-15 17-10-47.495066700 -04-00
65536,16,1,3958103,636338,6159,4,2024-05-15 17-10-57.282259 -04-00
65536,32,1,7420663,874374,8036,8,2024-05-15 15-20-01.133629100 -04-00
65536,32,1,7385100,876055,7822,8,2024-05-15 15-20-13.658942600 -04-00
65536,32,1,7341748,886781,7820,8,2024-05-15 15-20-25.807324200 -04-00
65536,32,1,7305935,877003,7894,8,2024-05-15 15-20-36.641181100 -04-00
65536,32,1,7341575,869188,7808,8,2024-05-15 15-20-49.328246 -04-00
65536,32,1,7348345,874425,7849,8,2024-05-15 15-21-00.072937600 -04-00
65536,32,1,7332000,851883,7821,8,2024-05-15 15-21-10.692814100 -04-00
65536,32,1,7279696,867885,7817,8,2024-05-15 15-21-26.087994900 -04-00
65536,32,1,7304673,856740,7786,8,2024-05-15 15-21-36.196861600 -04-00
65536,32,1,7320843,867651,7842,8,2024-05-15 15-21-46.205464900 -04-00
65536,64,1,14181395,1315937,11112,14,2024-05-15 12-04-14.363486800 -04-00
65536,64,1,14339527,1365334,11094,14,2024-05-15 12-57-43.400114800 -04-00
65536,64,1,14471924,1366249,10991,14,2024-05-15 12-58-11.227078300 -04-00
65536,64,1,14463301,1356758,11016,14,2024-05-15 12-58-36.482994600 -04-00
65536,64,1,14451946,1363154,10993,14,2024-05-15 12-58-55.270096500 -04-00
65536,64,1,14460410,1361505,11104,14,2024-05-15 12-59-14.496822600 -04-00
65536,64,1,14338772,1359730,11211,14,2024-05-15 12-59-36.869646500 -04-00
65536,64,1,14415749,1368322,11302,14,2024-05-15 12-59-59.569181400 -04-00
65536,64,1,14369825,1354489,11300,14,2024-05-15 13-00-24.938561 -04-00
65536,64,1,14383914,1360622,11037,14,2024-05-15 13-00-48.057241700 -04-00
65536,8,1,2264840,513767,5316,3,2024-05-15 19-15-56.442080900 -04-00
65536,8,1,2296233,528941,5410,3,2024-05-15 19-16-13.531134900 -04-00
65536,8,1,2249417,519364,5327,3,2024-05-15 19-16-19.931022100 -04-00
65536,8,1,2218259,532642,5325,3,2024-05-15 19-16-30.328270200 -04-00
65536,8,1,2236434,524667,5380,3,2024-05-15 19-16-43.089665 -04-00
65536,8,1,2219836,539466,5507,3,2024-05-15 19-16-57.764842600 -04-00
65536,8,1,2252666,540173,5334,3,2024-05-15 19-17-03.989342200 -04-00
65536,8,1,2243257,513997,5343,3,2024-05-15 19-17-08.590218100 -04-00
65536,8,1,2244421,530049,5329,3,2024-05-15 19-17-13.847788100 -04-00
65536,8,1,2258682,508878,5479,3,2024-05-15 19-17-20.931391800 -04-00
8192,16,1,672720,99146,6290,4,2024-05-15 17-12-41.834348500 -04-00
8192,16,1,668146,97507,6177,4,2024-05-15 17-12-43.968312 -04-00
8192,16,1,667991,106620,6157,4,2024-05-15 17-12-45.688959900 -04-00
8192,16,1,666839,98958,6236,4,2024-05-15 17-12-47.282391100 -04-00
8192,16,1,665727,97550,6183,4,2024-05-15 17-13-23.034450800 -04-00
8192,16,1,673079,99204,6194,4,2024-05-15 17-13-25.332469700 -04-00
8192,16,1,676445,97304,6155,4,2024-05-15 17-13-27.097836200 -04-00
8192,16,1,674280,99144,6169,4,2024-05-15 17-13-28.757157100 -04-00
8192,16,1,675724,97809,6168,4,2024-05-15 17-13-30.949296400 -04-00
8192,16,1,671559,98585,6224,4,2024-05-15 17-13-32.588642700 -04-00
8192,32,1,1249144,128569,7802,8,2024-05-15 15-24-17.557157 -04-00
8192,32,1,1246471,132553,7821,8,2024-05-15 15-24-27.581976300 -04-00
8192,32,1,1258422,130765,7834,8,2024-05-15 15-24-30.343708600 -04-00
8192,32,1,1246576,129408,7854,8,2024-05-15 15-24-57.901053 -04-00
8192,32,1,1255525,130508,7828,8,2024-05-15 16-28-37.447391200 -04-00
8192,32,1,1245647,128192,7812,8,2024-05-15 16-28-42.963728600 -04-00
8192,32,1,1252597,130029,7865,8,2024-05-15 16-28-47.526956300 -04-00
8192,32,1,1253355,131609,7803,8,2024-05-15 16-28-59.760239500 -04-00
8192,32,1,1252565,130356,7925,8,2024-05-15 16-29-18.523178600 -04-00
8192,32,1,1246840,131180,7771,8,2024-05-15 16-29-32.481420900 -04-00
8192,64,1,2374513,192090,11071,14,2024-05-15 12-05-55.969724700 -04-00
8192,64,1,2393902,192674,11344,14,2024-05-15 12-52-03.363035600 -04-00
8192,64,1,2390664,190978,11156,14,2024-05-15 12-52-08.019672700 -04-00
8192,64,1,2422804,190379,11031,14,2024-05-15 12-52-13.244925800 -04-00
8192,64,1,2392841,193071,11099,14,2024-05-15 12-52-24.103090800 -04-00
8192,64,1,2403512,191972,11240,14,2024-05-15 12-52-37.565843700 -04-00
8192,64,1,2376676,190012,11378,14,2024-05-15 12-52-43.482432900 -04-00
8192,64,1,2391428,189960,11272,14,2024-05-15 12-52-48.535015900 -04-00
8192,64,1,2407347,192152,11197,14,2024-05-15 12-52-52.768180900 -04-00
8192,64,1,2384703,191655,11164,14,2024-05-15 12-53-03.015903600 -04-00
8192,8,1,375793,83090,5360,3,2024-05-15 19-19-16.624860100 -04-00
8192,8,1,377004,81099,5353,3,2024-05-15 19-19-19.410809700 -04-00
8192,8,1,375475,83367,5365,3,2024-05-15 19-19-21.074950200 -04-00
8192,8,1,391045,84211,5374,3,2024-05-15 19-19-22.689660500 -04-00
8192,8,1,377738,81516,5320,3,2024-05-15 19-19-24.241193800 -04-00
8192,8,1,378474,82723,5348,3,2024-05-15 19-19-25.882134400 -04-00
8192,8,1,376105,82874,5313,3,2024-05-15 19-19-27.420540400 -04-00
8192,8,1,376446,80916,5318,3,2024-05-15 19-19-28.989377 -04-00
8192,8,1,376802,85154,5375,3,2024-05-15 19-19-30.641707 -04-00
8192,8,1,376328,82328,5340,3,2024-05-15 19-19-32.072454600 -04-00
